{
    "accuracy": 0,
    "precision": 0,
    "recall": 0,
    "auc": 0,
    "best_threshold": 0.5,
    "best_threshold_f1": 0.6767676767676768,
    "roc_auc": 0.9900561883067578,
    "pr_auc": 0.98846478569777,
    "confusion_matrix": [
        [
            400,
            39
        ],
        [
            7,
            368
        ]
    ],
    "false_positives": 39,
    "false_negatives": 7
}